Model,RunTime(s),MSE,RMSE,MAE
DNN,74.781002,24823.9375,157.55613708496094,80.88776397705078
CNN,110.423439,28463.923828125,168.71255493164062,83.73888397216797
LSTM,104.4613354,23652.189453125,153.7926788330078,77.58411407470703
CNN-LSTM,107.12309639999995,23763.966796875,154.15565490722656,77.41650390625
RNN,88.10879849999992,23376.16015625,152.89263916015625,79.43582153320312
GRU,128.24400319999995,23311.548828125,152.6811981201172,78.74525451660156
