Model,RunTime(s),MSE,RMSE,MAE
LSTM,109.8557541,22510.9140625,150.036376953125,71.64839172363281
LSTMsigmoid,114.19912500000004,21425.216796875,146.37355041503906,71.50100708007812
LSTMrelu,113.29919979999997,23443.888671875,153.1139678955078,74.68387603759766
LSTMRMSprop,112.72905109999999,23147.6015625,152.1433563232422,72.64633178710938
LSTM256,153.3197977000001,23150.123046875,152.15164184570312,72.57225799560547
LSTM64,111.28780660000007,22239.916015625,149.1305389404297,72.12016296386719
LSTM32,110.94586030000005,22117.865234375,148.72076416015625,71.97925567626953
LSTM 2,172.61233489999995,23328.19921875,152.7357177734375,74.03628540039062
LSTM 3,226.9892304,24897.072265625,157.78805541992188,76.72639465332031
