Te,Test,DNN,LSTM,WPD-LSTM
MSE,,0.07532914075614199,0.059573567584099596,0.06162003991498698
RMSE,,0.2744615469535614,0.24407697061398398,0.248233841196133
MAE,,0.13583234525303742,0.10383811398720633,0.09658543366953724
MAPE,,inf,inf,inf
SMAPE,,114.44815431853313,110.3753245817403,111.5146393435034
