季节,评测指标,DNN,LSTM,WPD-LSTM
春,RMSE,0.3085941324470943,0.2627439064145402,0.26306139873419954
春,MAE,0.16449623544586797,0.11663280386760733,0.10332992674118537
夏,RMSE,0.3137907604070797,0.29210879575039506,0.30229869125733344
夏,MAE,0.1551292652049923,0.1280134599964612,0.12096209338495018
秋,RMSE,0.2631110861316839,0.22611694747666292,0.22935674337124792
秋,MAE,0.12885996017208387,0.09810049562019055,0.09177801210289455
冬,RMSE,0.2018898288192742,0.1850633694109713,0.1861329997132166
冬,MAE,0.0979475753577041,0.07432774288915618,0.07143104748301073
